<?xml version="1.0"?>
<weather_data>
	<coord>
		<lon>
			-2.5967
		</lon>
		<lat>
			51.4552
		</lat>
	</coord>
	<weather>
		<0>
			<id>
				801
			</id>
			<main>
				Clouds
			</main>
			<description>
				few clouds
			</description>
			<icon>
				02d
			</icon>
		</0>
	</weather>
	<base>
		stations
	</base>
	<main>
		<temp>
			284.63
		</temp>
		<feels_like>
			284.05
		</feels_like>
		<temp_min>
			284.09
		</temp_min>
		<temp_max>
			285.85
		</temp_max>
		<pressure>
			1009
		</pressure>
		<humidity>
			85
		</humidity>
	</main>
	<visibility>
		10000
	</visibility>
	<wind>
		<speed>
			9.26
		</speed>
		<deg>
			200
		</deg>
		<gust>
			14.92
		</gust>
	</wind>
	<clouds>
		<all>
			20
		</all>
	</clouds>
	<dt>
		1705838872
	</dt>
	<sys>
		<type>
			2
		</type>
		<id>
			2029649
		</id>
		<country>
			GB
		</country>
		<sunrise>
			1705824232
		</sunrise>
		<sunset>
			1705855126
		</sunset>
	</sys>
	<timezone>
		0
	</timezone>
	<id>
		2654675
	</id>
	<name>
		Bristol
	</name>
	<cod>
		200
	</cod>
</weather_data>
